id;title;description
1;productivity Dynamic;Walk Savings Account
2;orange impactful Electronics;Regional projection clicks-and-mortar
3;redundant back-end magnetic;teal cultivate
4;supply-chains Refined Wooden Table Executive;silver Architect mesh
5;heuristic portal end-to-end;Ford envisioneer
6;RAM;Human
7;initiatives Avon;Forges content-based hacking
8;Chicken Metal Shirt;Car Belize Dollar
9;synthesize web services;channels Circles
10;Sleek Plastic Pizza;Ergonomic Generic Concrete Computer Montana
